income_quintile,dti_proxy,housing_burden,buffer_score,deprivation_index,consumption_stress,arrears_exposure,income_volatility
1.0,45.0,,68.3345751633987,76.55871212121212,50.75052536775743,,78.0
2.0,34.75,,76.66758169934641,55.12227272727273,40.60042029420594,,58.0
3.0,27.0,,83.33398692810458,30.62348484848485,33.83368357850495,,40.0
4.0,20.5,,89.16709150326797,18.37409090909091,27.74362053437406,,27.200000000000003
5.0,13.0,,94.1668954248366,9.187045454545455,22.33023116181327,,15.2
